<?xml version="1.0" encoding="UTF-8"?>
<!DOCTYPE log4j:configuration PUBLIC "-//log4j/log4j Configuration//EN" "log4j.dtd">

<log4j:configuration xmlns:log4j="http://jakarta.apache.org/log4j/">

	<appender name="Appender1"
		class="org.apache.log4j.ConsoleAppender">
		<layout class="org.apache.log4j.PatternLayout">
			<param name="ConversionPattern"
				value="%d{dd-MM-yyyy HH:mm:ss} %-5p %c %M()%L %m%n" />
		</layout>
	</appender>

	<appender name="Appender2"
		class="org.apache.log4j.FileAppender">
		<param name="File"
			value="${user.home}/MY_LOGS/MY_DEBUG_LOGS/MY_DEBUG_${current.date}.log" />
		<param name="Threshold" value="DEBUG" />
		<layout class="org.apache.log4j.PatternLayout">
			<param name="ConversionPattern"
				value="%d{dd-MM-yyyy HH:mm:ss} %-5p %c %M()%L %m%n" />
		</layout>
	</appender>

	<appender name="Appender3"
		class="org.apache.log4j.FileAppender">
		<param name="File"
			value="${user.home}/MY_LOGS/MY_INFO_LOGS/MY_LOGS_${current.date}.log" />
		<param name="Threshold" value="FATAL" />
		<layout class="org.apache.log4j.PatternLayout">
			<param name="ConversionPattern"
				value="%d{dd-MM-yyyy HH:mm:ss} %-5p %c %M()%L %m%n" />
		</layout>
	</appender>


	<root>
		<priority value="DEBUG" />
		<appender-ref ref="Appender1" />
		<appender-ref ref="Appender2" />
		<appender-ref ref="Appender3" />
	</root>

</log4j:configuration> 